filename,avg_gray_intensity,std_gray_intensity,timestamp,fermentation_day,fermentation_day_float
cam1_05-07_15-00.jpg,82.99352818969841,81.96236403600558,2025-05-07 15:00:00,1,0.0
cam1_05-07_16-00.jpg,83.61942631993696,82.79719789464647,2025-05-07 16:00:00,1,0.041666666666666664
cam1_05-07_17-00.jpg,84.76050648327244,82.4624914091616,2025-05-07 17:00:00,1,0.08333333333333333
cam1_05-07_18-00.jpg,84.9809271437782,83.47194209256605,2025-05-07 18:00:00,1,0.125
cam1_05-07_19-00.jpg,85.06989798696182,83.73393727260384,2025-05-07 19:00:00,1,0.16666666666666666
cam1_05-07_20-00.jpg,86.24643111970772,82.78656007096511,2025-05-07 20:00:00,1,0.20833333333333334
cam1_05-07_21-00.jpg,86.72391317429616,82.89014011610877,2025-05-07 21:00:00,1,0.25
cam1_05-07_22-00.jpg,84.7321813883516,83.86604777954513,2025-05-07 22:00:00,1,0.2916666666666667
cam1_05-07_23-00.jpg,85.5636163048929,84.36165975155782,2025-05-07 23:00:00,1,0.3333333333333333
cam1_05-08_00-00.jpg,86.4641611863314,83.69082895894621,2025-05-08 00:00:00,1,0.375
cam1_05-08_01-00.jpg,87.1835836377964,83.30361215638617,2025-05-08 01:00:00,1,0.4166666666666667
cam1_05-08_02-00.jpg,86.81835647252669,84.35477361488998,2025-05-08 02:00:00,1,0.4583333333333333
cam1_05-08_03-00.jpg,87.46543061823913,84.1261756134216,2025-05-08 03:00:00,1,0.5
cam1_05-08_04-00.jpg,87.85326398739164,83.37280852877782,2025-05-08 04:00:00,1,0.5416666666666666
cam1_05-08_05-00.jpg,87.73610029371731,83.91910118419392,2025-05-08 05:00:00,1,0.5833333333333334
cam1_05-08_06-00.jpg,87.81209370298733,84.10483668378546,2025-05-08 06:00:00,1,0.625
cam1_05-08_07-00.jpg,88.32503230890465,83.65154359263326,2025-05-08 07:00:00,1,0.6666666666666666
cam1_05-08_08-00.jpg,88.56356558492729,83.68345389030411,2025-05-08 08:00:00,1,0.7083333333333334
cam1_05-08_09-00.jpg,87.29675392220074,84.15019464186919,2025-05-08 09:00:00,1,0.75
cam1_05-08_10-00.jpg,87.11134035389354,83.98630813281714,2025-05-08 10:00:00,1,0.7916666666666666
cam1_05-08_11-00.jpg,87.7751496525539,83.73056706298682,2025-05-08 11:00:00,1,0.8333333333333334
cam1_05-08_12-00.jpg,89.04736198868113,83.03217037983156,2025-05-08 12:00:00,1,0.875
cam1_05-08_13-00.jpg,88.11061308116628,83.6295385103094,2025-05-08 13:00:00,1,0.9166666666666666
cam1_05-08_14-00.jpg,88.46102715094204,83.1334092050159,2025-05-08 14:00:00,1,0.9583333333333334
cam1_05-08_15-00.jpg,87.7026322802493,83.80399368908697,2025-05-08 15:00:00,2,1.0
cam1_05-08_16-00.jpg,88.47631420588867,83.38657073366768,2025-05-08 16:00:00,2,1.0416666666666667
cam1_05-08_17-00.jpg,88.17530482126227,83.23802060791944,2025-05-08 17:00:00,2,1.0833333333333333
cam1_05-08_18-00.jpg,89.93656293430762,82.487469069129,2025-05-08 18:00:00,2,1.125
cam1_05-08_19-00.jpg,89.99465276882299,82.27821679703708,2025-05-08 19:00:00,2,1.1666666666666667
cam1_05-08_20-00.jpg,88.9168992048141,82.76401076007183,2025-05-08 20:00:00,2,1.2083333333333333
cam1_05-08_21-00.jpg,89.03971416290565,82.7257597807543,2025-05-08 21:00:00,2,1.25
cam1_05-08_22-00.jpg,89.95126771258685,83.67400924695296,2025-05-08 22:00:00,2,1.2916666666666667
cam1_05-08_23-00.jpg,90.69044286840031,83.30421631108888,2025-05-08 23:00:00,2,1.3333333333333333
cam1_05-09_00-00.jpg,91.36637180313777,82.9939935696298,2025-05-09 00:00:00,2,1.375
cam1_05-09_01-00.jpg,90.34192162762376,83.28526701279301,2025-05-09 01:00:00,2,1.4166666666666667
cam1_05-09_02-00.jpg,90.29858557203238,83.16478018267179,2025-05-09 02:00:00,2,1.4583333333333333
cam1_05-09_03-00.jpg,90.74677827924637,83.0317576514031,2025-05-09 03:00:00,2,1.5
cam1_05-09_04-00.jpg,90.28861823912888,83.15434605878384,2025-05-09 04:00:00,2,1.5416666666666667
cam1_05-09_05-00.jpg,90.68058800773694,83.01600386651363,2025-05-09 05:00:00,2,1.5833333333333333
cam1_05-09_06-00.jpg,91.34333591231463,82.7985787091033,2025-05-09 06:00:00,2,1.625
cam1_05-09_07-00.jpg,90.29770026506196,83.3183616000107,2025-05-09 07:00:00,2,1.6666666666666667
cam1_05-09_08-00.jpg,91.48186861523031,82.64198050092105,2025-05-09 08:00:00,2,1.7083333333333333
cam1_05-09_09-00.jpg,83.95818611648399,75.47363455258876,2025-05-09 09:00:00,2,1.75
cam1_05-09_10-00.jpg,85.04836764811233,74.81509538393159,2025-05-09 10:00:00,2,1.7916666666666667
cam1_05-09_11-00.jpg,85.91878243427179,72.63623711095953,2025-05-09 11:00:00,2,1.8333333333333333
cam1_05-09_12-00.jpg,86.29630388996347,74.333463225648,2025-05-09 12:00:00,2,1.875
cam1_05-09_13-00.jpg,86.07286711082456,74.06196114485394,2025-05-09 13:00:00,2,1.9166666666666667
cam1_05-09_14-00.jpg,85.78707185328462,73.79833793098949,2025-05-09 14:00:00,2,1.9583333333333333
cam1_05-09_15-00.jpg,85.46557790672685,73.97718912669127,2025-05-09 15:00:00,3,2.0
cam1_05-09_16-00.jpg,86.32821247940397,73.82102455113733,2025-05-09 16:00:00,3,2.0416666666666665
cam1_05-09_17-00.jpg,86.78861838240562,73.89845333726808,2025-05-09 17:00:00,3,2.0833333333333335
cam1_05-09_18-00.jpg,87.26980055877928,74.19009238814257,2025-05-09 18:00:00,3,2.125
cam1_05-09_19-00.jpg,87.83213682928576,74.41912272469942,2025-05-09 19:00:00,3,2.1666666666666665
cam1_05-09_20-00.jpg,87.86488731284476,73.63611762332292,2025-05-09 20:00:00,3,2.2083333333333335
cam1_05-09_21-00.jpg,88.37864818396733,73.73771087165227,2025-05-09 21:00:00,3,2.25
cam1_05-09_22-00.jpg,88.57476380829573,73.9772582916605,2025-05-09 22:00:00,3,2.2916666666666665
cam1_05-09_23-00.jpg,89.27038355183036,73.6215927445078,2025-05-09 23:00:00,3,2.3333333333333335
cam1_05-10_00-00.jpg,90.57280163335483,73.30687528208395,2025-05-10 00:00:00,3,2.375
cam1_05-10_01-00.jpg,89.5658681854001,73.89985482176111,2025-05-10 01:00:00,3,2.4166666666666665
cam1_05-10_02-00.jpg,90.62743334049718,73.76653410880317,2025-05-10 02:00:00,3,2.4583333333333335
cam1_05-10_03-00.jpg,90.74717372304606,73.90217253830458,2025-05-10 03:00:00,3,2.5
cam1_05-10_04-00.jpg,91.30477197506984,73.91048322981715,2025-05-10 04:00:00,3,2.5416666666666665
cam1_05-10_05-00.jpg,92.15148119492801,73.27584867228929,2025-05-10 05:00:00,3,2.5833333333333335
cam1_05-10_06-00.jpg,91.9063132029515,73.65409754207111,2025-05-10 06:00:00,3,2.625
cam1_05-10_07-00.jpg,93.83209943405689,72.85932112890265,2025-05-10 07:00:00,3,2.6666666666666665
cam1_05-10_08-00.jpg,92.77896009742818,73.82816300321714,2025-05-10 08:00:00,3,2.7083333333333335
cam1_05-10_09-00.jpg,93.16531427752705,74.2437936530108,2025-05-10 09:00:00,3,2.75
cam1_05-10_10-00.jpg,92.53862397019844,74.31812805012221,2025-05-10 10:00:00,3,2.7916666666666665
cam1_05-10_11-00.jpg,93.29016491152662,74.9277317730201,2025-05-10 11:00:00,3,2.8333333333333335
cam1_05-10_12-00.jpg,93.41895336342145,73.99722841423626,2025-05-10 12:00:00,3,2.875
cam1_05-10_13-00.jpg,94.62681352532417,74.02255857519977,2025-05-10 13:00:00,3,2.9166666666666665
cam1_05-10_14-00.jpg,94.26370986460348,74.79171456213474,2025-05-10 14:00:00,3,2.9583333333333335
cam1_05-10_15-00.jpg,95.27132344723834,74.13271095071889,2025-05-10 15:00:00,4,3.0
cam1_05-10_16-00.jpg,95.02660276524107,74.47090581536227,2025-05-10 16:00:00,4,3.0416666666666665
cam1_05-10_17-00.jpg,95.27248183967333,74.20776134550478,2025-05-10 17:00:00,4,3.0833333333333335
cam1_05-10_18-00.jpg,95.6972255892256,73.99969783733353,2025-05-10 18:00:00,4,3.125
cam1_05-10_19-00.jpg,94.7549149652554,74.25682121368733,2025-05-10 19:00:00,4,3.1666666666666665
cam1_05-10_20-00.jpg,95.50960656207465,73.95196684101543,2025-05-10 20:00:00,4,3.2083333333333335
cam1_05-10_21-00.jpg,98.20332387706856,72.46622012655044,2025-05-10 21:00:00,4,3.25
cam1_05-10_22-00.jpg,96.06747832939323,73.93761010853692,2025-05-10 22:00:00,4,3.2916666666666665
cam1_05-10_23-00.jpg,96.22646865821334,74.24399654324989,2025-05-10 23:00:00,4,3.3333333333333335
cam1_05-11_00-00.jpg,96.05164080521527,73.8597818858275,2025-05-11 00:00:00,4,3.375
cam1_05-11_01-00.jpg,95.94987191059532,74.05890232734747,2025-05-11 01:00:00,4,3.4166666666666665
cam1_05-11_02-00.jpg,97.08581789526471,73.99770949225935,2025-05-11 02:00:00,4,3.4583333333333335
cam1_05-11_03-00.jpg,96.38600472813239,74.45721059896505,2025-05-11 03:00:00,4,3.5
cam1_05-11_04-00.jpg,96.7322023067555,74.12297018804347,2025-05-11 04:00:00,4,3.5416666666666665
cam1_05-11_05-00.jpg,97.18431262984454,74.00782133529165,2025-05-11 05:00:00,4,3.5833333333333335
cam1_05-11_06-00.jpg,97.12335453829071,74.29872812125103,2025-05-11 06:00:00,4,3.625
cam1_05-11_07-00.jpg,97.11137173149939,73.85358541567366,2025-05-11 07:00:00,4,3.6666666666666665
cam1_05-11_08-00.jpg,97.3082335410846,73.56617711164672,2025-05-11 08:00:00,4,3.7083333333333335
cam1_05-11_09-00.jpg,96.59959853857727,73.88471258049228,2025-05-11 09:00:00,4,3.75
cam1_05-11_10-00.jpg,97.42629586646608,73.28177286930793,2025-05-11 10:00:00,4,3.7916666666666665
cam1_05-11_11-00.jpg,96.73635704563364,73.36886494741046,2025-05-11 11:00:00,4,3.8333333333333335
cam1_05-11_12-00.jpg,98.01272340425533,72.84134957995101,2025-05-11 12:00:00,4,3.875
cam1_05-11_13-00.jpg,97.29687799985672,73.53355383724026,2025-05-11 13:00:00,4,3.9166666666666665
cam1_05-11_14-00.jpg,97.9974022494448,73.14368533954611,2025-05-11 14:00:00,4,3.9583333333333335
cam1_05-11_15-00.jpg,99.05129694104163,72.79942578206735,2025-05-11 15:00:00,5,4.0
cam1_05-11_16-00.jpg,98.25250977863743,73.05801988960074,2025-05-11 16:00:00,5,4.041666666666667
cam1_05-11_17-00.jpg,99.26861236478258,72.59177044483091,2025-05-11 17:00:00,5,4.083333333333333
cam1_05-11_18-00.jpg,99.27254846335697,72.48188924102101,2025-05-11 18:00:00,5,4.125
cam1_05-11_19-00.jpg,98.75439458413926,72.77196410907283,2025-05-11 19:00:00,5,4.166666666666667
cam1_05-11_20-00.jpg,98.50479504262483,72.79559402480298,2025-05-11 20:00:00,5,4.208333333333333
cam1_05-11_21-00.jpg,98.6677899563006,72.94756334451782,2025-05-11 21:00:00,5,4.25
cam1_05-11_22-00.jpg,98.94462798194714,72.67634233218504,2025-05-11 22:00:00,5,4.291666666666667
cam1_05-11_23-00.jpg,98.655034314779,72.77180913006927,2025-05-11 23:00:00,5,4.333333333333333
cam1_05-12_00-00.jpg,98.9687817178881,72.4757473029297,2025-05-12 00:00:00,5,4.375
cam1_05-12_01-00.jpg,99.40948692599757,72.27561595348789,2025-05-12 01:00:00,5,4.416666666666667
cam1_05-12_02-00.jpg,99.29524722401318,72.61033194169981,2025-05-12 02:00:00,5,4.458333333333333
cam1_05-12_03-00.jpg,99.13802722258042,72.74253064269611,2025-05-12 03:00:00,5,4.5
cam1_05-12_04-00.jpg,99.11681639085894,73.03803807692634,2025-05-12 04:00:00,5,4.541666666666667
cam1_05-12_05-00.jpg,99.85708446163765,72.08400413666726,2025-05-12 05:00:00,5,4.583333333333333
cam1_05-12_06-00.jpg,99.38787477613009,72.14417573677197,2025-05-12 06:00:00,5,4.625
cam1_05-12_07-00.jpg,100.15632867683931,72.18230468468872,2025-05-12 07:00:00,5,4.666666666666667
cam1_05-12_08-00.jpg,100.62560756501182,71.74196961611933,2025-05-12 08:00:00,5,4.708333333333333
cam1_05-12_09-00.jpg,101.01288716956802,71.2414170556553,2025-05-12 09:00:00,5,4.75
cam1_05-12_10-00.jpg,101.98479060104592,71.03581899179773,2025-05-12 10:00:00,5,4.791666666666667
cam1_05-12_11-00.jpg,102.81399183322587,70.52667361226342,2025-05-12 11:00:00,5,4.833333333333333
cam1_05-12_12-00.jpg,102.01365498961243,70.40046480897726,2025-05-12 12:00:00,5,4.875
cam1_05-12_13-00.jpg,102.15034873558278,70.65098723011724,2025-05-12 13:00:00,5,4.916666666666667
cam1_05-12_14-00.jpg,103.37079289347375,69.37290500605732,2025-05-12 14:00:00,5,4.958333333333333
cam1_05-12_15-00.jpg,102.26923604842754,69.99408670556022,2025-05-12 15:00:00,6,5.0
cam1_05-12_16-00.jpg,103.16005501826778,69.27505739155146,2025-05-12 16:00:00,6,5.041666666666667
cam1_05-12_17-00.jpg,102.92446478974138,69.66750508760825,2025-05-12 17:00:00,6,5.083333333333333
cam1_05-12_18-00.jpg,102.92764094849201,69.47998383054194,2025-05-12 18:00:00,6,5.125
cam1_05-12_19-00.jpg,103.14022279532918,69.33877234557109,2025-05-12 19:00:00,6,5.166666666666667
cam1_05-12_20-00.jpg,102.90001232179955,69.53282253841105,2025-05-12 20:00:00,6,5.208333333333333
cam1_05-12_21-00.jpg,103.31764940181961,69.30011060156973,2025-05-12 21:00:00,6,5.25
cam1_05-12_22-00.jpg,102.53425288344437,69.93860416460976,2025-05-12 22:00:00,6,5.291666666666667
cam1_05-12_23-00.jpg,103.12846550612508,69.55667372544946,2025-05-12 23:00:00,6,5.333333333333333
cam1_05-13_00-00.jpg,104.08335969625331,69.0579770166923,2025-05-13 00:00:00,6,5.375
cam1_05-13_01-00.jpg,103.33052353320438,69.69329470112613,2025-05-13 01:00:00,6,5.416666666666667
cam1_05-13_02-00.jpg,103.41992793180027,69.80553550894227,2025-05-13 02:00:00,6,5.458333333333333
cam1_05-13_03-00.jpg,102.84413869188337,70.14291058447095,2025-05-13 03:00:00,6,5.5
cam1_05-13_04-00.jpg,103.24476538433986,70.05964688442829,2025-05-13 04:00:00,6,5.541666666666667
cam1_05-13_05-00.jpg,103.23200028655347,69.82341745511498,2025-05-13 05:00:00,6,5.583333333333333
cam1_05-13_06-00.jpg,103.03075707428899,70.02612420361898,2025-05-13 06:00:00,6,5.625
cam1_05-13_07-00.jpg,103.74641278028513,70.0369663027411,2025-05-13 07:00:00,6,5.666666666666667
cam1_05-13_08-00.jpg,104.20251579626047,69.85473849073429,2025-05-13 08:00:00,6,5.708333333333333
cam1_05-13_09-00.jpg,104.50837939680493,69.48932188162696,2025-05-13 09:00:00,6,5.75
cam1_05-13_10-00.jpg,104.26908374525395,69.6126601809394,2025-05-13 10:00:00,6,5.791666666666667
cam1_05-13_11-00.jpg,105.63150626835733,68.94927732816993,2025-05-13 11:00:00,6,5.833333333333333
cam1_05-13_12-00.jpg,103.15667368722688,69.96632560272161,2025-05-13 12:00:00,6,5.875
cam1_05-13_13-00.jpg,103.53866766960384,69.99121416861348,2025-05-13 13:00:00,6,5.916666666666667
cam1_05-13_14-00.jpg,104.36925668027796,69.52748970743929,2025-05-13 14:00:00,6,5.958333333333333
cam1_05-13_15-00.jpg,104.89329106669533,69.40612050709011,2025-05-13 15:00:00,7,6.0
cam1_05-13_16-00.jpg,103.38300479977076,69.78686983142843,2025-05-13 16:00:00,7,6.041666666666667
cam1_05-13_17-00.jpg,104.19303187907443,69.45712493215936,2025-05-13 17:00:00,7,6.083333333333333
cam1_05-13_18-00.jpg,103.68663056092844,69.57812863655447,2025-05-13 18:00:00,7,6.125
cam1_05-13_19-00.jpg,103.6193200085966,69.70210540344945,2025-05-13 19:00:00,7,6.166666666666667
cam1_05-13_20-00.jpg,105.19338333691525,69.10050986304991,2025-05-13 20:00:00,7,6.208333333333333
cam1_05-13_21-00.jpg,104.15941299520023,69.42974468595864,2025-05-13 21:00:00,7,6.25
cam1_05-13_22-00.jpg,104.4029924779712,69.05489846101646,2025-05-13 22:00:00,7,6.291666666666667
cam1_05-13_23-00.jpg,104.74170026506197,69.04485456184365,2025-05-13 23:00:00,7,6.333333333333333
cam1_05-14_00-00.jpg,104.47121083172146,69.07721577432596,2025-05-14 00:00:00,7,6.375
cam1_05-14_01-00.jpg,104.18715781932804,69.30107315589511,2025-05-14 01:00:00,7,6.416666666666667
cam1_05-14_02-00.jpg,104.09970413353392,69.30392862509721,2025-05-14 02:00:00,7,6.458333333333333
cam1_05-14_03-00.jpg,104.60429729923347,69.12807595186703,2025-05-14 03:00:00,7,6.5
cam1_05-14_04-00.jpg,105.69162862669246,68.80373875602041,2025-05-14 04:00:00,7,6.541666666666667
cam1_05-14_05-00.jpg,103.9432906368651,69.53854449487346,2025-05-14 05:00:00,7,6.583333333333333
cam1_05-14_06-00.jpg,104.70517687513433,69.52673632079477,2025-05-14 06:00:00,7,6.625
cam1_05-14_07-00.jpg,104.20008138118776,69.34500786866663,2025-05-14 07:00:00,7,6.666666666666667
cam1_05-14_08-00.jpg,104.37777921054517,69.48565889655593,2025-05-14 08:00:00,7,6.708333333333333
cam1_05-14_09-00.jpg,103.20582563220862,69.7812831910714,2025-05-14 09:00:00,7,6.75
cam1_05-14_10-00.jpg,104.10913159968479,69.37090360279025,2025-05-14 10:00:00,7,6.791666666666667
cam1_05-14_11-00.jpg,104.55516297729064,69.02413008573892,2025-05-14 11:00:00,7,6.833333333333333
cam1_05-14_12-00.jpg,104.03038813668601,69.18434666707013,2025-05-14 12:00:00,7,6.875
cam1_05-14_13-00.jpg,105.78078486997636,68.67836451391449,2025-05-14 13:00:00,7,6.916666666666667
cam1_05-14_14-00.jpg,103.84520080234974,69.20813969468792,2025-05-14 14:00:00,7,6.958333333333333
cam1_05-14_15-00.jpg,104.24480464216634,69.24245290663599,2025-05-14 15:00:00,8,7.0
cam1_05-14_16-00.jpg,104.74966415932373,68.8293346705585,2025-05-14 16:00:00,8,7.041666666666667
cam1_05-14_17-00.jpg,105.57732316068487,68.3103533683936,2025-05-14 17:00:00,8,7.083333333333333
cam1_05-14_18-00.jpg,105.70192205745397,68.50582972449817,2025-05-14 18:00:00,8,7.125
cam1_05-14_19-00.jpg,105.15651436349309,68.76360847851622,2025-05-14 19:00:00,8,7.166666666666667
cam1_05-14_20-00.jpg,105.04526584998925,68.87887397793087,2025-05-14 20:00:00,8,7.208333333333333
cam1_05-14_21-00.jpg,104.56207622322516,69.16512313513488,2025-05-14 21:00:00,8,7.25
cam1_05-14_22-00.jpg,104.79333075435203,69.19469737148393,2025-05-14 22:00:00,8,7.291666666666667
cam1_05-14_23-00.jpg,105.00902385557704,69.05572193180122,2025-05-14 23:00:00,8,7.333333333333333
cam1_05-15_00-00.jpg,106.41515882226521,68.11829257879305,2025-05-15 00:00:00,8,7.375
cam1_05-15_01-00.jpg,104.48245060534423,68.64742555224939,2025-05-15 01:00:00,8,7.416666666666667
cam1_05-15_02-00.jpg,104.70092341858299,68.25730025775093,2025-05-15 02:00:00,8,7.458333333333333
cam1_05-15_03-00.jpg,104.73442309621034,68.41832601472993,2025-05-15 03:00:00,8,7.5
cam1_05-15_04-00.jpg,104.36187033455118,68.52072742325095,2025-05-15 04:00:00,8,7.541666666666667
cam1_05-15_05-00.jpg,104.65660992907802,68.31000312012048,2025-05-15 05:00:00,8,7.583333333333333
cam1_05-15_06-00.jpg,104.7823238054302,68.46863631110378,2025-05-15 06:00:00,8,7.625
cam1_05-15_07-00.jpg,104.55079604556201,68.28622758887002,2025-05-15 07:00:00,8,7.666666666666667
cam1_05-15_08-00.jpg,105.28581101798123,67.76556661167533,2025-05-15 08:00:00,8,7.708333333333333
cam1_05-15_09-00.jpg,104.61917186044846,68.05311670181545,2025-05-15 09:00:00,8,7.75
cam1_05-15_10-00.jpg,105.80851522315352,67.34192986206718,2025-05-15 10:00:00,8,7.791666666666667
cam1_05-15_11-00.jpg,105.0037951142632,67.83239992839064,2025-05-15 11:00:00,8,7.833333333333333
cam1_05-15_12-00.jpg,105.78097027007665,67.46791312806988,2025-05-15 12:00:00,8,7.875
cam1_05-15_13-00.jpg,106.33597822193566,67.02468061911073,2025-05-15 13:00:00,8,7.916666666666667
cam1_05-15_14-00.jpg,106.0614360627552,67.22094795784113,2025-05-15 14:00:00,8,7.958333333333333
cam1_05-15_15-00.jpg,106.64240991475035,67.12144997809362,2025-05-15 15:00:00,9,8.0
cam1_05-15_16-00.jpg,106.40924808367362,66.82849424689587,2025-05-15 16:00:00,9,8.041666666666666
cam1_05-15_17-00.jpg,108.89643742388424,65.93026966620636,2025-05-15 17:00:00,9,8.083333333333334
cam1_05-15_18-00.jpg,107.04203223726628,66.62002513413196,2025-05-15 18:00:00,9,8.125
cam1_05-15_19-00.jpg,107.38190729994986,66.46123822576504,2025-05-15 19:00:00,9,8.166666666666666
cam1_05-15_20-00.jpg,107.35572447883087,66.66992518764901,2025-05-15 20:00:00,9,8.208333333333334
cam1_05-15_21-00.jpg,107.12646650906225,66.75527584813591,2025-05-15 21:00:00,9,8.25
cam1_05-15_22-00.jpg,107.41529035031162,66.52532928406659,2025-05-15 22:00:00,9,8.291666666666666
cam1_05-15_23-00.jpg,106.73185858585859,67.11987688416237,2025-05-15 23:00:00,9,8.333333333333334
cam1_05-16_00-00.jpg,107.05266967547819,67.38199594895642,2025-05-16 00:00:00,9,8.375
cam1_05-16_01-00.jpg,106.23617092914965,67.30030531125325,2025-05-16 01:00:00,9,8.416666666666666
cam1_05-16_02-00.jpg,107.22003839816605,67.17179713033157,2025-05-16 02:00:00,9,8.458333333333334
cam1_05-16_03-00.jpg,106.3599217709005,67.50781811311971,2025-05-16 03:00:00,9,8.5
cam1_05-16_04-00.jpg,106.19607350096712,67.73338214548066,2025-05-16 04:00:00,9,8.541666666666666
cam1_05-16_05-00.jpg,106.1964208037825,67.29750476377305,2025-05-16 05:00:00,9,8.583333333333334
cam1_05-16_06-00.jpg,105.80854516799198,67.69012003126505,2025-05-16 06:00:00,9,8.625
cam1_05-16_07-00.jpg,106.9798406762662,67.6141892193289,2025-05-16 07:00:00,9,8.666666666666666
cam1_05-16_08-00.jpg,106.59447997707572,67.37891983073891,2025-05-16 08:00:00,9,8.708333333333334
cam1_05-16_09-00.jpg,108.03041607565012,66.91140670331563,2025-05-16 09:00:00,9,8.75
cam1_05-16_10-00.jpg,106.70018110179812,67.44236694582357,2025-05-16 10:00:00,9,8.791666666666666
cam1_05-16_11-00.jpg,106.42255175872197,67.20102151525184,2025-05-16 11:00:00,9,8.833333333333334
cam1_05-16_12-00.jpg,107.29615445232467,67.0334831996219,2025-05-16 12:00:00,9,8.875
cam1_05-16_13-00.jpg,106.93063672182821,67.05624297673519,2025-05-16 13:00:00,9,8.916666666666666
cam1_05-16_14-00.jpg,107.79445261121857,66.97402974239333,2025-05-16 14:00:00,9,8.958333333333334
cam1_05-16_15-00.jpg,106.94534723117702,67.05791219889154,2025-05-16 15:00:00,10,9.0
cam1_05-16_16-00.jpg,106.61278186116483,67.05848842332085,2025-05-16 16:00:00,10,9.041666666666666
cam1_05-16_17-00.jpg,106.93574869259976,67.05434257654849,2025-05-16 17:00:00,10,9.083333333333334
cam1_05-16_18-00.jpg,106.60606633713017,67.14706279077775,2025-05-16 18:00:00,10,9.125
cam1_05-16_19-00.jpg,107.36177878071496,67.1868878148839,2025-05-16 19:00:00,10,9.166666666666666
cam1_05-16_20-00.jpg,106.61724478830862,67.08421678256855,2025-05-16 20:00:00,10,9.208333333333334
cam1_05-16_21-00.jpg,107.27868013468013,66.82110412658737,2025-05-16 21:00:00,10,9.25
cam1_05-16_22-00.jpg,106.62185170857511,67.20113490050686,2025-05-16 22:00:00,10,9.291666666666666
cam1_05-16_23-00.jpg,107.07406948921843,67.06549114169442,2025-05-16 23:00:00,10,9.333333333333334
cam1_05-17_00-00.jpg,107.19192764524679,67.33608284853125,2025-05-17 00:00:00,10,9.375
cam1_05-17_01-00.jpg,106.52808639587363,66.55727729024925,2025-05-17 01:00:00,10,9.416666666666666
cam1_05-17_02-00.jpg,106.9234701626191,66.58384391329825,2025-05-17 02:00:00,10,9.458333333333334
cam1_05-17_03-00.jpg,108.414398022781,65.71337847653217,2025-05-17 03:00:00,10,9.5
cam1_05-17_04-00.jpg,106.85945053370585,66.30242116400436,2025-05-17 04:00:00,10,9.541666666666666
cam1_05-17_05-00.jpg,107.35153162834014,66.16191985194466,2025-05-17 05:00:00,10,9.583333333333334
cam1_05-17_06-00.jpg,106.44998022781002,66.18978197666456,2025-05-17 06:00:00,10,9.625
cam1_05-17_07-00.jpg,106.52600300881151,66.07220641216205,2025-05-17 07:00:00,10,9.666666666666666
cam1_05-17_08-00.jpg,107.74067311411993,65.71366655207152,2025-05-17 08:00:00,10,9.708333333333334
cam1_05-17_09-00.jpg,109.24903015975356,66.83679963032985,2025-05-17 09:00:00,10,9.75
cam1_05-17_10-00.jpg,109.81541743677914,66.5559190668476,2025-05-17 10:00:00,10,9.791666666666666
cam1_05-17_11-00.jpg,109.44071179883946,66.71458033360166,2025-05-17 11:00:00,10,9.833333333333334
cam1_05-17_12-00.jpg,109.72052124077656,66.58481153675373,2025-05-17 12:00:00,10,9.875
cam1_05-17_13-00.jpg,109.96825245361416,66.39928191998195,2025-05-17 13:00:00,10,9.916666666666666
cam1_05-17_14-00.jpg,110.12313976645892,66.23014707048358,2025-05-17 14:00:00,10,9.958333333333334
cam1_05-17_15-00.jpg,110.19102930009313,66.24511022128809,2025-05-17 15:00:00,11,10.0
cam1_05-17_16-00.jpg,110.3863124865678,66.20273794455423,2025-05-17 16:00:00,11,10.041666666666666
cam1_05-17_17-00.jpg,110.31686166630847,66.23445721842958,2025-05-17 17:00:00,11,10.083333333333334
cam1_05-17_18-00.jpg,110.46325238197579,66.20243649727873,2025-05-17 18:00:00,11,10.125
cam1_05-17_19-00.jpg,110.26442137688946,66.26698438533215,2025-05-17 19:00:00,11,10.166666666666666
cam1_05-17_20-00.jpg,110.03761458557203,66.47152936023791,2025-05-17 20:00:00,11,10.208333333333334
cam1_05-17_21-00.jpg,110.1102460061609,66.46003892108197,2025-05-17 21:00:00,11,10.25
cam1_05-17_22-00.jpg,109.69963106239702,66.73916022627414,2025-05-17 22:00:00,11,10.291666666666666
cam1_05-17_23-00.jpg,110.37227179597393,66.3922832188071,2025-05-17 23:00:00,11,10.333333333333334
cam1_05-18_00-00.jpg,109.58152016620102,66.57745038343579,2025-05-18 00:00:00,11,10.375
cam1_05-18_01-00.jpg,109.87233569739952,66.42126754924841,2025-05-18 01:00:00,11,10.416666666666666
cam1_05-18_02-00.jpg,109.64791804570528,66.57259076595975,2025-05-18 02:00:00,11,10.458333333333334
cam1_05-18_03-00.jpg,110.09795572748764,66.34154389281595,2025-05-18 03:00:00,11,10.5
cam1_05-18_04-00.jpg,109.63558406762662,66.68134898560315,2025-05-18 04:00:00,11,10.541666666666666
cam1_05-18_05-00.jpg,109.27422035962462,66.55268510924017,2025-05-18 05:00:00,11,10.583333333333334
cam1_05-18_06-00.jpg,110.12918188982019,65.7986990859321,2025-05-18 06:00:00,11,10.625
cam1_05-18_07-00.jpg,109.74604771115409,66.12707403292248,2025-05-18 07:00:00,11,10.666666666666666
cam1_05-18_08-00.jpg,110.03339580199155,65.93914104634197,2025-05-18 08:00:00,11,10.708333333333334
cam1_05-18_09-00.jpg,109.86923576187407,65.98092813351386,2025-05-18 09:00:00,11,10.75
cam1_05-18_10-00.jpg,111.12151371874776,65.53847669129878,2025-05-18 10:00:00,11,10.791666666666666
cam1_05-18_11-00.jpg,109.92351013682928,66.05857877298867,2025-05-18 11:00:00,11,10.833333333333334
cam1_05-18_12-00.jpg,109.67240146142274,66.11227169429833,2025-05-18 12:00:00,11,10.875
cam1_05-18_13-00.jpg,109.18602335410846,66.31536718377781,2025-05-18 13:00:00,11,10.916666666666666
cam1_05-18_14-00.jpg,109.2602206461781,66.19419746917967,2025-05-18 14:00:00,11,10.958333333333334
cam1_05-18_15-00.jpg,109.7999093058242,66.15061959047135,2025-05-18 15:00:00,12,11.0
cam1_05-18_16-00.jpg,110.04969639659001,65.96867205316053,2025-05-18 16:00:00,12,11.041666666666666
cam1_05-18_17-00.jpg,110.74995844974569,65.77159715537388,2025-05-18 17:00:00,12,11.083333333333334
cam1_05-18_18-00.jpg,109.89869274303317,66.16190200501612,2025-05-18 18:00:00,12,11.125
cam1_05-18_19-00.jpg,109.9518909664016,66.20849357233551,2025-05-18 19:00:00,12,11.166666666666666
cam1_05-18_20-00.jpg,109.57971230030805,66.26956963150553,2025-05-18 20:00:00,12,11.208333333333334
cam1_05-18_21-00.jpg,110.1401068844473,66.19348334369299,2025-05-18 21:00:00,12,11.25
cam1_05-18_22-00.jpg,110.00232581130453,66.12462592646051,2025-05-18 22:00:00,12,11.291666666666666
cam1_05-18_23-00.jpg,111.10241793824773,65.49917067179234,2025-05-18 23:00:00,12,11.333333333333334
cam1_05-19_00-00.jpg,110.50718346586432,65.86401589088439,2025-05-19 00:00:00,12,11.375
cam1_05-19_01-00.jpg,110.0839732072498,65.54703037347635,2025-05-19 01:00:00,12,11.416666666666666
cam1_05-19_02-00.jpg,110.20459359552977,65.77256699087114,2025-05-19 02:00:00,12,11.458333333333334
cam1_05-19_03-00.jpg,109.86711798839458,65.89165708003425,2025-05-19 03:00:00,12,11.5
cam1_05-19_04-00.jpg,109.72608396016906,66.0648376781415,2025-05-19 04:00:00,12,11.541666666666666
cam1_05-19_05-00.jpg,109.61469589512143,65.83142428889553,2025-05-19 05:00:00,12,11.583333333333334
cam1_05-19_06-00.jpg,109.46378623110537,65.89756428393281,2025-05-19 06:00:00,12,11.625
cam1_05-19_07-00.jpg,110.20980858227666,65.83478576793038,2025-05-19 07:00:00,12,11.666666666666666
cam1_05-19_08-00.jpg,111.5361325309836,65.02087709479827,2025-05-19 08:00:00,12,11.708333333333334
cam1_05-19_09-00.jpg,112.54211734364925,64.49955479350825,2025-05-19 09:00:00,12,11.75
cam1_05-19_10-00.jpg,112.25984124937317,64.56327706440139,2025-05-19 10:00:00,12,11.791666666666666
cam1_05-19_11-00.jpg,110.5500352460778,64.26606101524776,2025-05-19 11:00:00,12,11.833333333333334
cam1_05-19_12-00.jpg,111.45200702056022,63.973024914779515,2025-05-19 12:00:00,12,11.875
cam1_05-19_13-00.jpg,111.76223540368221,63.55904312202974,2025-05-19 13:00:00,12,11.916666666666666
cam1_05-19_14-00.jpg,112.11380901210688,63.47601664770869,2025-05-19 14:00:00,12,11.958333333333334
cam1_05-19_15-00.jpg,114.11332602621964,63.365173636599195,2025-05-19 15:00:00,13,12.0
cam1_05-19_16-00.jpg,113.51075134321943,63.57379066525843,2025-05-19 16:00:00,13,12.041666666666666
cam1_05-19_17-00.jpg,112.87904677985529,63.18877489059243,2025-05-19 17:00:00,13,12.083333333333334
cam1_05-19_18-00.jpg,112.4939067268429,63.42693306762151,2025-05-19 18:00:00,13,12.125
cam1_05-19_19-00.jpg,112.50164911526613,63.28505476722531,2025-05-19 19:00:00,13,12.166666666666666
cam1_05-19_20-00.jpg,113.21834902213625,63.74729048775178,2025-05-19 20:00:00,13,12.208333333333334
cam1_05-19_21-00.jpg,112.18074790457769,63.39753426456613,2025-05-19 21:00:00,13,12.25
cam1_05-19_22-00.jpg,111.83196833584067,63.76146548008047,2025-05-19 22:00:00,13,12.291666666666666
cam1_05-19_23-00.jpg,111.37368335840677,63.28354556528457,2025-05-19 23:00:00,13,12.333333333333334
cam1_05-20_00-00.jpg,111.95569940540153,64.30192254169366,2025-05-20 00:00:00,13,12.375
cam1_05-20_01-00.jpg,112.22032437853714,63.891924796506146,2025-05-20 01:00:00,13,12.416666666666666
cam1_05-20_02-00.jpg,109.5000657640232,64.86003025772717,2025-05-20 02:00:00,13,12.458333333333334
cam1_05-20_03-00.jpg,108.9837786374382,64.76815764211304,2025-05-20 03:00:00,13,12.5
cam1_05-20_04-00.jpg,108.46656436707501,65.15517660347558,2025-05-20 04:00:00,13,12.541666666666666
cam1_05-20_05-00.jpg,109.36868830145426,65.4368683342502,2025-05-20 05:00:00,13,12.583333333333334
cam1_05-20_06-00.jpg,111.05471695680207,65.29246727670971,2025-05-20 06:00:00,13,12.625
cam1_05-20_07-00.jpg,109.8702702199298,64.99568835055321,2025-05-20 07:00:00,13,12.666666666666666
cam1_05-20_08-00.jpg,109.61613138476969,64.87545987341124,2025-05-20 08:00:00,13,12.708333333333334
cam1_05-20_09-00.jpg,108.0679809441937,64.32846934871142,2025-05-20 09:00:00,13,12.75
cam1_05-20_10-00.jpg,109.29332874847769,64.56951801634187,2025-05-20 10:00:00,13,12.791666666666666
cam1_05-20_11-00.jpg,111.15814256035533,63.28249924490419,2025-05-20 11:00:00,13,12.833333333333334
cam1_05-20_12-00.jpg,111.80947589368866,63.40534023598469,2025-05-20 12:00:00,13,12.875
cam1_05-20_13-00.jpg,111.37814814814814,63.477867561969155,2025-05-20 13:00:00,13,12.916666666666666
cam1_05-20_14-00.jpg,110.98174897915324,63.503695603274345,2025-05-20 14:00:00,13,12.958333333333334
cam1_05-20_15-00.jpg,111.92671681352532,62.82389341824882,2025-05-20 15:00:00,14,13.0
cam1_05-20_16-00.jpg,110.13655376459631,63.53261344341434,2025-05-20 16:00:00,14,13.041666666666666
cam1_05-20_17-00.jpg,109.10152575399384,64.12461517625333,2025-05-20 17:00:00,14,13.083333333333334
cam1_05-20_18-00.jpg,108.95563708002005,64.50642181675134,2025-05-20 18:00:00,14,13.125
cam1_05-20_19-00.jpg,109.30248628125224,64.78121971995759,2025-05-20 19:00:00,14,13.166666666666666
cam1_05-20_20-00.jpg,108.82783107672469,64.7610158459011,2025-05-20 20:00:00,14,13.208333333333334
cam1_05-20_21-00.jpg,108.35822480120352,64.90356718436429,2025-05-20 21:00:00,14,13.25
cam1_05-20_22-00.jpg,109.10237567160972,64.76486236273131,2025-05-20 22:00:00,14,13.291666666666666
cam1_05-20_23-00.jpg,108.4540984311197,64.89946394686879,2025-05-20 23:00:00,14,13.333333333333334
cam1_05-21_00-00.jpg,110.87436592879146,64.69670970678997,2025-05-21 00:00:00,14,13.375
cam1_05-21_01-00.jpg,110.67773723046064,64.9552770596938,2025-05-21 01:00:00,14,13.416666666666666
cam1_05-21_02-00.jpg,109.05458915395086,65.03223993527574,2025-05-21 02:00:00,14,13.458333333333334
cam1_05-21_03-00.jpg,108.77453442223656,64.72455964066783,2025-05-21 03:00:00,14,13.5
cam1_05-21_04-00.jpg,108.92562117630203,64.67581775471785,2025-05-21 04:00:00,14,13.541666666666666
cam1_05-21_05-00.jpg,108.67664976001146,64.82335274033088,2025-05-21 05:00:00,14,13.583333333333334
cam1_05-21_06-00.jpg,108.75656408052153,64.63134824263383,2025-05-21 06:00:00,14,13.625
cam1_05-21_07-00.jpg,107.8435876495451,65.0750952540028,2025-05-21 07:00:00,14,13.666666666666666
cam1_05-21_08-00.jpg,109.01460133247367,64.61292316523652,2025-05-21 08:00:00,14,13.708333333333334
cam1_05-21_09-00.jpg,110.27341657711871,65.0673458401582,2025-05-21 09:00:00,14,13.75
cam1_05-21_10-00.jpg,110.33595744680851,65.02818390660016,2025-05-21 10:00:00,14,13.791666666666666
cam1_05-21_11-00.jpg,107.90707085034745,64.0149063377673,2025-05-21 11:00:00,14,13.833333333333334
cam1_05-21_12-00.jpg,108.91722874131385,64.93937615485655,2025-05-21 12:00:00,14,13.875
cam1_05-21_13-00.jpg,110.81840447023426,64.8544260603859,2025-05-21 13:00:00,14,13.916666666666666
cam1_05-21_14-00.jpg,109.98899333763164,64.92377995567867,2025-05-21 14:00:00,14,13.958333333333334
cam1_05-21_15-00.jpg,110.12049688373092,65.59628352015488,2025-05-21 15:00:00,15,14.0
cam1_05-21_16-00.jpg,110.16991202808224,65.23289650527849,2025-05-21 16:00:00,15,14.041666666666666
cam1_05-21_17-00.jpg,108.51851823196505,64.95410473100479,2025-05-21 17:00:00,15,14.083333333333334
cam1_05-21_18-00.jpg,110.21728533562576,65.23413089022584,2025-05-21 18:00:00,15,14.125
cam1_05-21_19-00.jpg,109.94918647467584,65.43981418074272,2025-05-21 19:00:00,15,14.166666666666666
cam1_05-21_20-00.jpg,110.47137158822265,65.08239115183109,2025-05-21 20:00:00,15,14.208333333333334
cam1_05-21_21-00.jpg,110.16217522745183,65.26142542479161,2025-05-21 21:00:00,15,14.25
cam1_05-21_22-00.jpg,110.01302285263988,65.25653555631308,2025-05-21 22:00:00,15,14.291666666666666
cam1_05-21_23-00.jpg,110.1257819328032,65.14664019690336,2025-05-21 23:00:00,15,14.333333333333334
cam1_05-22_00-00.jpg,109.72443054660076,64.99338405613864,2025-05-22 00:00:00,15,14.375
cam1_05-22_01-00.jpg,110.79923189340211,64.84262699924611,2025-05-22 01:00:00,15,14.416666666666666
cam1_05-22_02-00.jpg,109.97939064402894,64.94591049032535,2025-05-22 02:00:00,15,14.458333333333334
cam1_05-22_03-00.jpg,109.63712300308045,65.14213571575058,2025-05-22 03:00:00,15,14.5
cam1_05-22_04-00.jpg,109.81495422308188,65.04728387295056,2025-05-22 04:00:00,15,14.541666666666666
cam1_05-22_05-00.jpg,110.1871177018411,65.27305685846146,2025-05-22 05:00:00,15,14.583333333333334
cam1_05-22_06-00.jpg,110.58472311770184,65.15409929822128,2025-05-22 06:00:00,15,14.625
cam1_05-22_07-00.jpg,110.43943047496239,65.18030912106924,2025-05-22 07:00:00,15,14.666666666666666
cam1_05-22_08-00.jpg,110.42747847266996,65.14328974684963,2025-05-22 08:00:00,15,14.708333333333334
cam1_05-22_09-00.jpg,109.99123905723906,65.18189133926383,2025-05-22 09:00:00,15,14.75
cam1_05-22_10-00.jpg,110.54834629987822,65.21784291958119,2025-05-22 10:00:00,15,14.791666666666666
cam1_05-22_11-00.jpg,108.46329292929293,65.14870024600354,2025-05-22 11:00:00,15,14.833333333333334
cam1_05-22_12-00.jpg,109.65470062325382,65.62110663626167,2025-05-22 12:00:00,15,14.875
cam1_05-22_13-00.jpg,109.27456121498675,65.52630274887265,2025-05-22 13:00:00,15,14.916666666666666
cam1_05-22_14-00.jpg,109.17794369224157,65.22661743453456,2025-05-22 14:00:00,15,14.958333333333334
cam1_05-22_15-00.jpg,108.55959080163335,65.62898197278,2025-05-22 15:00:00,16,15.0
cam1_05-22_16-00.jpg,108.60628755641521,65.13569324685557,2025-05-22 16:00:00,16,15.041666666666666
cam1_05-22_17-00.jpg,109.0011595386489,65.29852163128973,2025-05-22 17:00:00,16,15.083333333333334
cam1_05-22_18-00.jpg,107.82344422952933,64.86142568093273,2025-05-22 18:00:00,16,15.125
cam1_05-22_19-00.jpg,108.79745683788236,64.87320805329529,2025-05-22 19:00:00,16,15.166666666666666
cam1_05-22_20-00.jpg,108.85590959237767,65.126908401279,2025-05-22 20:00:00,16,15.208333333333334
cam1_05-22_21-00.jpg,110.2253364854216,65.39748094617406,2025-05-22 21:00:00,16,15.25
cam1_05-22_22-00.jpg,108.08951414857798,65.39779259484243,2025-05-22 22:00:00,16,15.291666666666666
cam1_05-22_23-00.jpg,109.02976846478974,65.08688636954027,2025-05-22 23:00:00,16,15.333333333333334
cam1_05-23_00-00.jpg,110.20200959954151,65.46252447084329,2025-05-23 00:00:00,16,15.375
cam1_05-23_01-00.jpg,109.86769138190415,65.51152420522988,2025-05-23 01:00:00,16,15.416666666666666
cam1_05-23_02-00.jpg,108.7146910237123,65.32304444947017,2025-05-23 02:00:00,16,15.458333333333334
cam1_05-23_03-00.jpg,111.47105838527115,67.08795256882586,2025-05-23 03:00:00,16,15.5
cam1_05-23_04-00.jpg,109.08885493230174,65.51581346257308,2025-05-23 04:00:00,16,15.541666666666666
cam1_05-23_05-00.jpg,107.20525997564296,64.54565431278014,2025-05-23 05:00:00,16,15.583333333333334
cam1_05-23_06-00.jpg,108.79687441793824,65.52182760360091,2025-05-23 06:00:00,16,15.625
cam1_05-23_07-00.jpg,109.96054803352676,65.61609067958778,2025-05-23 07:00:00,16,15.666666666666666
cam1_05-23_08-00.jpg,109.45445733935095,65.95802670417405,2025-05-23 08:00:00,16,15.708333333333334
cam1_05-23_09-00.jpg,112.88627222580413,67.56584555565739,2025-05-23 09:00:00,16,15.75
cam1_05-23_10-00.jpg,109.06742674976718,65.4183574127864,2025-05-23 10:00:00,16,15.791666666666666
cam1_05-23_11-00.jpg,109.92925839959882,65.603969070374,2025-05-23 11:00:00,16,15.833333333333334
cam1_05-23_12-00.jpg,109.40120194856365,65.93866612169651,2025-05-23 12:00:00,16,15.875
cam1_05-23_13-00.jpg,109.56154509635361,65.85971042399667,2025-05-23 13:00:00,16,15.916666666666666
cam1_05-23_14-00.jpg,109.55516039830934,65.95375383273478,2025-05-23 14:00:00,16,15.958333333333334
cam1_05-23_15-00.jpg,109.4199034314779,66.00620600533914,2025-05-23 15:00:00,17,16.0
cam1_05-23_16-00.jpg,110.05466924564797,65.68373458634157,2025-05-23 16:00:00,17,16.041666666666668
cam1_05-23_17-00.jpg,110.63789712730139,65.4999184858709,2025-05-23 17:00:00,17,16.083333333333332
cam1_05-23_18-00.jpg,109.69185041908446,65.69956655312535,2025-05-23 18:00:00,17,16.125
cam1_05-23_19-00.jpg,109.77069790099577,65.89031624286088,2025-05-23 19:00:00,17,16.166666666666668
cam1_05-23_20-00.jpg,110.12328232681425,65.66444223672079,2025-05-23 20:00:00,17,16.208333333333332
cam1_05-23_21-00.jpg,109.70823540368221,65.8383134288603,2025-05-23 21:00:00,17,16.25
cam1_05-23_22-00.jpg,109.66372404900065,65.85586985145162,2025-05-23 22:00:00,17,16.291666666666668
cam1_05-23_23-00.jpg,110.08720338133104,65.5966417681507,2025-05-23 23:00:00,17,16.333333333333332
cam1_05-24_00-00.jpg,109.56854373522458,65.81175832636566,2025-05-24 00:00:00,17,16.375
cam1_05-24_01-00.jpg,109.7546238269217,65.82303318621555,2025-05-24 01:00:00,17,16.416666666666668
cam1_05-24_02-00.jpg,109.88991718604484,65.85768386842585,2025-05-24 02:00:00,17,16.458333333333332
cam1_05-24_03-00.jpg,109.15767404541873,66.30877103240461,2025-05-24 03:00:00,17,16.5
cam1_05-24_04-00.jpg,109.71740898345153,66.03012520781783,2025-05-24 04:00:00,17,16.541666666666668
cam1_05-24_05-00.jpg,109.56955985385773,66.03297264944318,2025-05-24 05:00:00,17,16.583333333333332
cam1_05-24_06-00.jpg,109.86961315280465,65.8668746276005,2025-05-24 06:00:00,17,16.625
cam1_05-24_07-00.jpg,109.44269704133534,66.14324113407113,2025-05-24 07:00:00,17,16.666666666666668
cam1_05-24_08-00.jpg,109.73649845977505,66.02367702408556,2025-05-24 08:00:00,17,16.708333333333332
cam1_05-24_09-00.jpg,109.26381560283689,66.36434176914692,2025-05-24 09:00:00,17,16.75
cam1_05-24_10-00.jpg,109.54377734794755,66.19208197714289,2025-05-24 10:00:00,17,16.791666666666668
cam1_05-24_11-00.jpg,109.440065334193,66.04065095600849,2025-05-24 11:00:00,17,16.833333333333332
cam1_05-24_12-00.jpg,110.51254330539437,65.83711781964105,2025-05-24 12:00:00,17,16.875
cam1_05-24_13-00.jpg,109.79081596102873,66.04975041009666,2025-05-24 13:00:00,17,16.916666666666668
cam1_05-24_14-00.jpg,109.48540912672827,66.15841221643997,2025-05-24 14:00:00,17,16.958333333333332
cam1_05-24_15-00.jpg,109.36830131098216,66.20480085061979,2025-05-24 15:00:00,18,17.0
cam1_05-24_16-00.jpg,110.46704978866681,65.69758351402245,2025-05-24 16:00:00,18,17.041666666666668
cam1_05-24_17-00.jpg,109.86196618668959,65.96194962424684,2025-05-24 17:00:00,18,17.083333333333332
cam1_05-24_18-00.jpg,109.8288345870048,65.94057273531554,2025-05-24 18:00:00,18,17.125
cam1_05-24_19-00.jpg,110.83005845690953,65.64242673104306,2025-05-24 19:00:00,18,17.166666666666668
cam1_05-24_20-00.jpg,110.1855829214127,65.8614983394787,2025-05-24 20:00:00,18,17.208333333333332
cam1_05-24_21-00.jpg,109.35144193710151,66.40678489332207,2025-05-24 21:00:00,18,17.25
cam1_05-24_22-00.jpg,109.94616548463357,65.96095925982019,2025-05-24 22:00:00,18,17.291666666666668
cam1_05-24_23-00.jpg,109.53480005731069,66.18797774161077,2025-05-24 23:00:00,18,17.333333333333332
cam1_05-25_00-00.jpg,109.09067884518949,66.1410699795991,2025-05-25 00:00:00,18,17.375
cam1_05-25_01-00.jpg,109.07589383193638,66.12633923802038,2025-05-25 01:00:00,18,17.416666666666668
cam1_05-25_02-00.jpg,109.06345196647324,66.35387454738897,2025-05-25 02:00:00,18,17.458333333333332
cam1_05-25_03-00.jpg,110.1757396661652,65.7656775378968,2025-05-25 03:00:00,18,17.5
cam1_05-25_04-00.jpg,109.30052095422309,66.05460179609399,2025-05-25 04:00:00,18,17.541666666666668
cam1_05-25_05-00.jpg,109.77523461566015,65.95796572143136,2025-05-25 05:00:00,18,17.583333333333332
cam1_05-25_06-00.jpg,109.67111383336915,66.0570621904906,2025-05-25 06:00:00,18,17.625
cam1_05-25_07-00.jpg,109.87957547102228,65.78997728551751,2025-05-25 07:00:00,18,17.666666666666668
cam1_05-25_08-00.jpg,109.32103058958378,66.20261803117086,2025-05-25 08:00:00,18,17.708333333333332
cam1_05-25_09-00.jpg,109.99119378178953,65.72654731068043,2025-05-25 09:00:00,18,17.75
cam1_05-25_10-00.jpg,109.83709262841178,65.80426726824373,2025-05-25 10:00:00,18,17.791666666666668
cam1_05-25_11-00.jpg,110.28185815602836,65.7029529287955,2025-05-25 11:00:00,18,17.833333333333332
cam1_05-25_12-00.jpg,109.0102617666022,66.3310154420648,2025-05-25 12:00:00,18,17.875
cam1_05-25_13-00.jpg,109.37988136686009,66.16640578236056,2025-05-25 13:00:00,18,17.916666666666668
cam1_05-25_14-00.jpg,109.4010648327244,66.16780821819238,2025-05-25 14:00:00,18,17.958333333333332
cam1_05-25_15-00.jpg,109.71167246937459,65.91657234752255,2025-05-25 15:00:00,19,18.0
cam1_05-25_16-00.jpg,108.9925232466509,66.35002969950482,2025-05-25 16:00:00,19,18.041666666666668
cam1_05-25_17-00.jpg,109.43525367146644,66.17271820377678,2025-05-25 17:00:00,19,18.083333333333332
cam1_05-25_18-00.jpg,109.48637208969124,66.16928435211454,2025-05-25 18:00:00,19,18.125
cam1_05-25_19-00.jpg,110.0220249301526,65.9835510258691,2025-05-25 19:00:00,19,18.166666666666668
cam1_05-25_20-00.jpg,109.36896468228383,66.30838822109118,2025-05-25 20:00:00,19,18.208333333333332
cam1_05-25_21-00.jpg,109.86938691883373,66.00062415533758,2025-05-25 21:00:00,19,18.25
cam1_05-25_22-00.jpg,109.77656708933304,65.9887658735382,2025-05-25 22:00:00,19,18.291666666666668
cam1_05-25_23-00.jpg,109.38890221362561,66.18274996559082,2025-05-25 23:00:00,19,18.333333333333332
cam1_05-26_00-00.jpg,109.65268887456122,66.10652440390389,2025-05-26 00:00:00,19,18.375
cam1_05-26_01-00.jpg,109.50232652768823,66.10278008275401,2025-05-26 01:00:00,19,18.416666666666668
cam1_05-26_02-00.jpg,109.40717472598324,66.10150089558348,2025-05-26 02:00:00,19,18.458333333333332
cam1_05-26_03-00.jpg,109.31667769897557,66.12123594500143,2025-05-26 03:00:00,19,18.5
cam1_05-26_04-00.jpg,109.85074246006161,65.87749068696314,2025-05-26 04:00:00,19,18.541666666666668
cam1_05-26_05-00.jpg,109.71134995343506,66.0079675847398,2025-05-26 05:00:00,19,18.583333333333332
cam1_05-26_06-00.jpg,110.1018663228025,65.8836406886656,2025-05-26 06:00:00,19,18.625
cam1_05-26_07-00.jpg,109.57466222508776,66.08420652075705,2025-05-26 07:00:00,19,18.666666666666668
cam1_05-26_08-00.jpg,109.09282412780286,66.16361546157272,2025-05-26 08:00:00,19,18.708333333333332
cam1_05-26_09-00.jpg,109.3154863528906,65.96656992648172,2025-05-26 09:00:00,19,18.75
cam1_05-26_10-00.jpg,109.86286410201303,65.65627198392355,2025-05-26 10:00:00,19,18.791666666666668
cam1_05-26_11-00.jpg,109.38175714592735,65.96076447429733,2025-05-26 11:00:00,19,18.833333333333332
cam1_05-26_12-00.jpg,109.32645748262769,66.08799877738821,2025-05-26 12:00:00,19,18.875
cam1_05-26_13-00.jpg,109.97018883874203,65.81400875315043,2025-05-26 13:00:00,19,18.916666666666668
cam1_05-26_14-00.jpg,109.65945540511498,65.92138962328237,2025-05-26 14:00:00,19,18.958333333333332
cam1_05-26_15-00.jpg,109.64425718174654,65.88957444422273,2025-05-26 15:00:00,20,19.0
cam1_05-26_16-00.jpg,109.28701353965184,65.94313443348415,2025-05-26 16:00:00,20,19.041666666666668
cam1_05-26_17-00.jpg,109.64520381116125,65.71635776316005,2025-05-26 17:00:00,20,19.083333333333332
cam1_05-26_18-00.jpg,110.13510580987177,65.77541852461965,2025-05-26 18:00:00,20,19.125
cam1_05-26_19-00.jpg,109.33559667597966,65.86437785485728,2025-05-26 19:00:00,20,19.166666666666668
cam1_05-26_20-00.jpg,109.46417966903073,65.78935044691758,2025-05-26 20:00:00,20,19.208333333333332
